,r2_score,pearson
0,0.0764760142996399,0.3504129338467377
