,batch_size,r2_score,pearson_correlation
0,1,-0.049399969451786374,-0.00790041200218701
1,5,0.024206873877598456,0.2281039369757211
2,40,0.08683461040634133,0.35477544514566334
