,weight_decay,r2_score,pearson_correlation
0,1,0.046498835627177826,0.3753753275601145
1,5,0.1161958055230139,0.40236762272198184
2,10,0.13115198387667748,0.4118978220141163
3,20,0.13573624522547523,0.4206101273024848
