,precision,recall
0,0.6017699115044248,0.6126126126126126
