,weight_decay,r2_score,pearson_correlation
0,1e-05,0.03291760606207417,0.38525439335746886
1,0.001,0.03084085471841047,0.3842947361904672
2,0.1,0.03609429572376566,0.3810025334066734
3,1.0,0.10711719181076129,0.41033526663163505
4,10.0,0.1373072549636135,0.41289925067035543
