,dropout,r2_score,pearson_correlation
0,0.3,-0.01230049947469003,0.27948738834972026
1,0.5,0.008265507061939625,0.2883327644425097
2,0.7,-0.09999655663984197,0.22365071108916543
