,weight_decay,precision,recall
0,0.001,0.4855072463768116,0.6036036036036037
1,1.0,0.4782608695652174,0.5945945945945946
2,5.0,0.49635036496350365,0.6126126126126126
3,10.0,0.45121951219512196,0.6666666666666666
