,training_size,precision,recall
0,0.4,0.504950495049505,0.4358974358974359
1,0.5,0.49047619047619045,0.5282051282051282
2,0.6,0.5284090909090909,0.5923566878980892
3,0.7,0.4825174825174825,0.6216216216216216
